name,card_id,name_en,color,type,rarity,cost,description,upgrade_cost,upgrade_desc
凌迟,A Thousand Cuts,A Thousand Cuts,绿色,能力,稀有,2,你每打出一张牌，就对所有敌人造成1点伤害。,2,你每打出一张牌，就对所有敌人造成2点伤害。
汇集,Aggregate,Aggregate,蓝色,技能,罕见,1,你的抽牌堆中每有4张牌，获得一点[B]。,1,你的抽牌堆中每有3张牌，获得一点[B]。
杂技,Acrobatics,Acrobatics,绿色,技能,普通,1,抽3张牌。<br>丢弃1张牌。,1,抽4张牌。<br>丢弃1张牌。
余像,After Image,After Image,绿色,能力,稀有,1,你每打出一张牌，都获得1点{{KW|格挡}}。,1,{{KW|固有}}。<br>你每打出一张牌，都获得1点{{KW|格挡}}。
全力攻击,All Out Attack,All Out Attack,绿色,攻击,罕见,1,对所有敌人造成10点伤害。<br>丢弃一张随机手牌。,1,对所有敌人造成14点伤害。<br>丢弃一张随机手牌。
精准,Accuracy,Accuracy,绿色,能力,罕见,1,小刀造成的伤害增加4。,1,{{Card_link|小刀}}造成的伤害增加6。
万物一心,All For One,All For One,蓝色,攻击,稀有,2,造成10点伤害。<br>将弃牌堆中所有0耗能的牌放入你的手牌。,2,造成14点伤害。<br>将弃牌堆中所有0耗能的牌放入你的手牌。
肾上腺素,Adrenaline,Adrenaline,绿色,技能,稀有,0,获得[G]。<br>抽2张牌。<br>{{KW|消耗}}。,0,获得[G][G]。<br>抽2张牌。<br>{{KW|消耗}}。
增幅,Amplify,Amplify,蓝色,技能,稀有,1,在这个回合，你的下一张能力牌会打出两次。,1,在这个回合，你的下2张能力牌会打出两次。
阿尔法,Alpha,Alpha,紫色,技能,稀有,1,将一张{{Card_link|贝塔}}放入你的抽牌堆中。<br>{{KW|消耗}}。,1,{{KW|固有}}。<br>将一张{{Card_link|贝塔|贝塔+}}放入你的抽牌堆中。<br>{{KW|消耗}}。
愤怒,Anger,Anger,红色,攻击,普通,0,造成6点伤害。<br>在弃牌堆放入一张此牌的复制品。,0,造成8点伤害。<br>在弃牌堆放入一张此牌的复制品。
武装,Armaments,Armaments,红色,技能,普通,1,获得5点{{KW|格挡}}。<br>在本场战斗中{{KW|升级}}手牌中的一张牌。,1,获得5点{{KW|格挡}}。<br>在本场战斗中{{KW|升级}}手牌中的所有牌。
神化,Apotheosis,Apotheosis,无色,技能,稀有,2,在本场战斗中 升级 你的所有牌。<br>{{KW|消耗}}。,1,本场战斗中升级你的所有牌。<br>{{KW|消耗}}。
进阶之灾,AscendersBane,Ascenders Bane,诅咒,诅咒,特殊,-2,{{KW|不能被打出}}。<br>{{KW|虚无}}。<br>不能从牌组中移除。,0,
后空翻,Backflip,Backflip,绿色,技能,普通,1,获得5点{{KW|格挡}}。<br>抽2张牌。,1,获得8点{{KW|格挡}}。<br>抽2张牌。
背刺,Backstab,Backstab,绿色,攻击,罕见,0,造成11点伤害。<br>{{KW|固有}}。<br>{{KW|消耗}}。,0,造成15点伤害。<br>{{KW|固有}}。<br>{{KW|消耗}}。
自动护盾,Auto Shields,Auto Shields,蓝色,技能,罕见,1,如果你没有格挡，获得 11 点{{KW|格挡}}。,1,如果你没有格挡，获得15点{{KW|格挡}}。
包扎,Bandage Up,Bandage Up,无色,技能,罕见,0,回复 4 生命。<br>{{KW|消耗}}。,0,恢复6生命。<br>{{KW|消耗}}。
灾祸,Bane,Bane,绿色,攻击,普通,1,造成7点伤害。<br>如果敌人有{{KW|中毒}}状态 ，则再次造成7点伤害。,1,造成10点伤害。<br>如果敌人有{{KW|中毒}}状态 ，则再次造成10点伤害。
球状闪电,Ball Lightning,Ball Lightning,蓝色,攻击,普通,1,造成7点伤害。<br>生成1个闪电充能球。,1,造成10点伤害。<br>生成1个闪电充能球。
弹幕齐射,Barrage,Barrage,蓝色,攻击,普通,1,你每拥有一个充能球，造成4点伤害。,1,你每拥有一个充能球，造成6点伤害。
壁垒,Barricade,Barricade,红色,能力,稀有,3,{{KW|格挡}}不再在你的回合开始时消失。,2,{{KW|格挡}}不再在你的回合开始时消失。
痛击,Bash,Bash,红色,攻击,初始,2,造成8点伤害。<br>给予2层{{KW|易伤}}。,2,造成10点伤害。<br>给予3层{{KW|易伤}}。
战歌,Battle Hymn,Battle Hymn,紫色,能力,罕见,1,在每回合开始时，将一张{{Card_link|惩恶}}加入你的手牌。,1,{{KW|固有}}。<br>在每回合开始时，将一张{{Card_link|惩恶}}加入你的手牌。
狂暴,Berserk,Berserk,红色,能力,稀有,0,获得2层{{KW|易伤}}。<br>每回合开始时获得[R]。,0,获得1层{{KW|易伤}}。<br>每回合开始时获得[R]。
战斗专注,Battle Trance,Battle Trance,红色,技能,罕见,0,抽3张牌。<br>你在这个回合内不能再抽任何牌。,0,抽4张牌。<br>你在这个回合内不能再抽任何牌。
光束射线,Beam Cell,Beam Cell,蓝色,攻击,普通,0,造成3点伤害，给予1层 易伤 。,0,造成4点伤害，给予2层 易伤 。
偏差认知,Biased Cognition,Biased Cognition,蓝色,能力,稀有,1,获得4点集中。在每回合开始时，失去1点集中。,1,获得5点集中。<br>在每回合开始时，失去1点集中。
噬咬,Bite,Bite,无色,攻击,特殊,1,造成7点伤害。<br>回复2点生命。,1,造成8点伤害。<br>恢复3点生命。
贝塔,Beta,Beta,无色,技能,特殊,2,将一张{{Card_link|欧米伽}}放入你的抽牌堆中。<br>{{KW|消耗}}。,1,将一张{{Card_link|欧米伽|欧米伽+}}放入你的抽牌堆中。<br>{{KW|消耗}}。
刀刃之舞,Blade Dance,Blade Dance,绿色,技能,普通,1,增加3张{{Card_link|小刀}}到你的手牌。,1,增加4张{{Card_link|小刀}}到你的手牌。
渎神,Blasphemy,Blasphemy,紫色,技能,稀有,1,进入 [[神格]]。在下回合死亡。<br>{{KW|消耗}}。,1,[[保留]]。<br>进入 [[神格]]。<br>在下回合死亡。<br>{{KW|消耗}}。
启动流程,Boot Sequence,Boot Sequence,蓝色,技能,罕见,0,获得10点{{KW|格挡}}。<br>{{KW|固有}}。<br>{{KW|消耗}}。,0,获得13点{{KW|格挡}}。<br>{{KW|固有}}。<br>{{KW|消耗}}。
致盲,Blind,Blind,无色,技能,罕见,0,给予2层 虚弱 。,0,给予所有敌人2层虚弱。
以血还血,Blood for Blood,Blood for Blood,红色,攻击,罕见,4,你每在战斗中失去生命一次，这张牌的耗能就减少1[R]。<br>造成18点伤害。,3,你每在战斗中失去生命一次，这张牌的耗能就减少1[R]。<br>造成22点伤害。
放血,Bloodletting,Bloodletting,红色,技能,罕见,0,获得[R][R]。<br>失去3点生命。,0,获得[R][R][R]。<br>失去3点生命。
暴雪,Blizzard,Blizzard,蓝色,攻击,罕见,1,对所有敌人造成你在本场战斗中过的冰霜充能球总数2倍的伤害。,1,对所有敌人造成你在本场战斗中过的冰霜充能球总数3倍的伤害。
残影,Blur,Blur,绿色,技能,罕见,1,获得5点{{KW|格挡}}。<br>你的下一回合开始时格挡不会消失。,1,获得8点{{KW|格挡}}。<br>你的下一回合开始时{{KW|格挡}}不会消失。
重锤,Bludgeon,Bludgeon,红色,攻击,稀有,3,造成32点伤害。,3,造成42点伤害。
全身撞击,Body Slam,Body Slam,红色,攻击,普通,1,造成你当前{{KW|格挡}}值的伤害。,0,造成你当前{{KW|格挡}}值的伤害。
碰撞连击,Bowling Bash,Bowling Bash,紫色,攻击,普通,1,当前每有一名敌人，造成 7 点伤害。,1,当前每有一名敌人，造成10点伤害。
弹跳药瓶,Bouncing Flask,Bouncing Flask,绿色,技能,罕见,2,随机给予敌人3层中毒3次。,2,随机给予敌人3层中毒4次。
灼伤,Burn,Burn,无色,状态,特殊,-2,{{KW|不能被打出}}。<br>在你的回合结束时，你受到2点伤害。,-2,{{KW|不能被打出}}。<br>在你的回合结束时，你受到4点伤害。
子弹时间,Bullet Time,Bullet Time,绿色,技能,稀有,3,你在本回合内不能再抽牌。你手牌中的所有牌在本回合的耗能变为0点。,2,你在本回合内不能再抽牌。<br>你手牌中的所有牌在本回合的耗能变为0点。
光辉,Brilliance,Brilliance,紫色,攻击,稀有,1,造成12点伤害。<br>额外造成本场战斗中获得的 [[真言]] 总层数的伤害。,1,造成16点伤害。<br>额外造成本场战斗中获得的 [[真言]] 总层数的伤害。
燃烧契约,Burning Pact,Burning Pact,红色,技能,罕见,1,{{KW|消耗}}1张牌。<br>抽2张牌。,1,{{KW|消耗}}1张牌。<br>抽3张牌。
缓冲,Buffer,Buffer,蓝色,能力,稀有,2,阻止下一次你受到的生命值损伤。,2,阻止下2次你受到的生命值损伤。
残暴,Brutality,Brutality,红色,能力,稀有,0,在你的回合开始时，你失去1点生命，抽1张牌。,0,{{KW|固有}}。<br>在你的回合开始时，你失去1点生命，抽1张牌。
爆发,Burst,Burst,绿色,技能,稀有,1,在这个回合，你打出的下一张技能牌会打出两次。,1,在这个回合，你打出的下2张技能牌会打出两次。
计算下注,Calculated Gamble,Calculated Gamble,绿色,技能,罕见,0,丢弃所有手牌。<br>然后抽相同数量张牌。<br>{{KW|消耗}}。,0,丢弃所有手牌。 <br>然后抽相同数量张牌。
扩容,Capacitor,Capacitor,蓝色,能力,罕见,1,获得2个充能球栏位。,1,获得 3 个充能球栏位。
铁蒺藜,Caltrops,Caltrops,绿色,能力,罕见,1,每当你被攻击时，对攻击者造成3点伤害。,1,每当你被攻击时，对攻击者造成5点伤害。
残杀,Carnage,Carnage,红色,攻击,罕见,2,{{KW|虚无}}。<br>造成20点伤害。,2,{{KW|虚无}}。<br>造成28点伤害。
催化剂,Catalyst,Catalyst,绿色,技能,罕见,1,将一名敌人的{{KW|中毒}}层数翻倍。<br>{{KW|消耗}}。,1,将一名敌人的{{KW|中毒}}层数变为三倍。<br>{{KW|消耗}}。
改造现实,Carve Reality,Carve Reality,紫色,攻击,罕见,1,造成6点伤害。<br>将一张{{Card_link|惩恶}}加入你的手牌。,1,造成10点伤害。<br>将一张{{Card_link|惩恶}}加入你的手牌。
勒脖,Choke,Choke,绿色,攻击,罕见,2,造成12点伤害。<br>你在这个回合内每打出一张牌，该名敌人都会失去3点生命。,2,造成12点伤害。<br>你在这个回合内每打出一张牌，该名敌人都会失去5点生命。
冰寒,Chill,Chill,蓝色,技能,罕见,0,当前每有一名敌人，生成 1个 冰霜 充能球。<br>{{KW|消耗}}。,0,{{KW|固有}}。<br>当前每有一名敌人，生成 1个 冰霜 充能球。{{KW|消耗}}。
混沌,Chaos,Chaos,蓝色,技能,罕见,1,生成1个随机充能球。,1,生成2个随机充能球。
结茧,Chrysalis,Chrysalis,无色,技能,稀有,2,在你的抽牌堆中加入3张随机技能牌。他们在本场战斗中耗能为0。<br>{{KW|消耗}}。,2,在你的抽牌堆中加入5张随机技能牌。<br>它们在本场战斗中的耗能为0。<br>{{KW|消耗}}。
交锋,Clash,Clash,红色,攻击,普通,0,只有在手牌每一张牌都是攻击牌时才能被打出。<br>造成14点伤害。,0,只有在手牌每一张牌都是攻击牌时才能被打出。<br>造成18点伤害。
斗篷与匕首,Cloak And Dagger,Cloak And Dagger,绿色,技能,普通,1,获得6点{{KW|格挡}}。增加1张{{Card_link|小刀}}到你的手牌。,1,获得6点{{KW|格挡}}。<br>增加2张{{Card_link|小刀}}到你的手牌。
顺劈斩,Cleave,Cleave,红色,攻击,普通,1,对所有敌人造成8点伤害。,1,对所有敌人造成11点伤害。
笨拙,Clumsy,Clumsy,诅咒,诅咒,诅咒,-2,{{KW|不能被打出}}。<br>{{KW|虚无}}。,-2,
金刚臂,Clothesline,Clothesline,红色,攻击,普通,2,造成12点伤害。<br>给予2层{{KW|虚弱}}。,2,造成14点伤害。<br>给予3层{{KW|虚弱}}。
寒流,Cold Snap,Cold Snap,蓝色,攻击,普通,1,造成6点伤害。<br> 生成 1个 冰霜 充能球。,1,造成9点伤害。<br>生成 1个 冰霜 充能球。
收集,Collect,Collect,紫色,技能,罕见,-1,在你的下X个回合开始时，增加一张{{Card_link|奇迹|奇迹+}}到你的手牌。<br>{{KW|消耗}}。,-1,在你的下X+1个回合开始时，增加一张{{Card_link|奇迹|奇迹+}}到你的手牌。<br>{{KW|消耗}}。
自燃,Combust,Combust,红色,能力,罕见,1,在你的回合结束时，你失去1点生命，对所有敌人造成5点伤害。,1,在你的回合结束时，你失去1点生命，对所有敌人造成7点伤害。
编译冲击,Compile Driver,Compile Driver,蓝色,攻击,普通,1,造成7点伤害。<br>你每有一种不同的充能球，抽1张牌。,1,造成10点伤害。你每有一种不同的充能球，抽1张牌。
结末,Conclude,Conclude,紫色,攻击,罕见,1,对所有敌人造成12点伤害。<br>结束你的回合。,1,对所有敌人造成16点伤害。<br>结束你的回合。
全神贯注,Concentrate,Concentrate,绿色,技能,罕见,0,丢弃3张牌。<br>获得[G][G]。,0,丢弃2张牌。<br>获得[G][G]。
聚能成刃,Conjure Blade,Conjure Blade,紫色,技能,稀有,-1,将 1 张 {{Card_link|灭除之刃}} 放入你的抽牌堆中。<br>{{KW|消耗}}。,-1,将1张X数值+1的{{Card_link|灭除之刃}}放入你的抽牌堆中。<br>{{KW|消耗}}。
供奉,Consecrate,Consecrate,紫色,攻击,普通,0,对所有敌人造成5点伤害。,0,对所有敌人造成8点伤害。
耗尽,Consume,Consume,蓝色,技能,罕见,2,获得2点集中。失去1个充能球栏位。,2,获得3点集中。<br>失去1个充能球栏位。
充电,Conserve Battery,Conserve Battery,蓝色,技能,普通,1,获得7点{{KW|格挡}}。<br>在下一回合获得[B]。,1,获得10点{{KW|格挡}}。在下一回合获得[B]。
核心电涌,Core Surge,Core Surge,蓝色,攻击,稀有,1,造成11点伤害。<br>获得1层人工制品。{{KW|消耗}}。,1,造成15点伤害。<br>获得1层人工制品。<br>{{KW|消耗}}。
冷静头脑,Coolheaded,Coolheaded,蓝色,技能,普通,1,生成1个冰霜充能球。抽1张牌。,1,生成1个冰霜充能球。<br>抽2张牌。
腐化,Corruption,Corruption,红色,能力,稀有,3,所有技能牌耗能变为0。<br>所有技能牌在被打出时被{{KW|消耗}}。,2,所有技能牌耗能变为0。<br>所有技能牌在被打出时被{{KW|消耗}}。
创造性AI,Creative AI,Creative AI,蓝色,能力,稀有,3,在每回合开始时，增加一张随机能力牌到你的手牌。,2,在每回合开始时，增加一张随机能力牌到你的手牌。
渐强,Crescendo,Crescendo,紫色,技能,普通,1,{{KW|保留}}。<br>进入{{KW|愤怒}}。<br>{{KW|消耗}}。,0,{{KW|保留}}。<br>进入 {{KW|愤怒}}。<br>{{KW|消耗}}。
尸爆术,Corpse Explosion,Corpse Explosion,绿色,技能,稀有,2,给予6层 中毒 。<br> 当这名敌人死亡时，对所有敌人造成等于其最大生命值的伤害。,2,给予9层 中毒 。<br>当这名敌人死亡时，对所有敌人造成等于其最大生命值的伤害。
粉碎关节,Crush Joints,Crush Joints,紫色,攻击,普通,1,造成8点伤害。<br>如果本场战斗打出的上一张牌是技能牌，给予1层[[易伤]]。,1,造成10点伤害。<br>如果本场战斗打出的上一张牌是技能牌，给予2层[[易伤]]。
致残毒云,Crippling Poison,Crippling Poison,绿色,技能,罕见,2,给予所有敌人4层中毒和2层虚弱。<br>{{KW|消耗}}。,2,给予所有敌人7层中毒和2层虚弱。<br>{{KW|消耗}}。
斩破命运,Cut Through Fate,Cut Through Fate,紫色,攻击,普通,1,造成7点伤害。<br>预见2。<br>抽1张牌。,1,
铃铛的诅咒,Curse of the Bell,Curse of the Bell,诅咒,诅咒,诅咒,-2,{{KW|不能被打出}}。<br>无法从牌组中移除。,-2,
匕首雨,Dagger Spray,Dagger Spray,绿色,攻击,普通,1,对所有敌人造成4点伤害两次。,1,对所有敌人造成6点伤害两次。
投掷匕首,Dagger Throw,Dagger Throw,绿色,攻击,普通,1,造成9点伤害。<br> 抽一张牌。<br>丢弃一张牌。,1,造成12点伤害。<br> 抽一张牌。<br>丢弃一张牌。
黑暗之拥,Dark Embrace,Dark Embrace,红色,能力,罕见,2,每当有一张牌被{{KW|消耗}}时，抽1张牌。,1,每当有一张牌被{{KW|消耗}}时，抽1张牌。
漆黑,Darkness,Darkness,蓝色,技能,罕见,1,生成1个黑暗充能球。,1,生成1个黑暗充能球。使用所有黑暗充能球的被动能力。
冲刺,Dash,Dash,绿色,攻击,罕见,2,获得10点{{KW|格挡}}。<br>造成 10点伤害。,2,获得13点{{KW|格挡}}。<br>造成13点伤害。
黑暗镣铐,Dark Shackles,Dark Shackles,无色,技能,罕见,0,让一名敌人在本回合内失去 9 点 力量 。<br>{{KW|消耗}}。,0,让一名敌人在本回合内失去15点力量。<br>{{KW|消耗}}。
致命毒药,Deadly Poison,Deadly Poison,绿色,技能,普通,1,给予5层中毒。,1,给予7层中毒。
晕眩,Dazed,Dazed,无色,状态,特殊,-2,[[不能被打出]]。[[虚无]]。,-2,
深呼吸,Deep Breath,Deep Breath,无色,技能,罕见,0,将你的弃牌堆洗牌后放入你的抽牌堆。<br>抽1张牌。,0,将弃牌堆洗牌后放入抽牌堆。<br>抽2张牌。
腐朽,Decay,Decay,诅咒,诅咒,诅咒,-2,{{KW|不能被打出}}。<br>在你的回合结束时，受到2点伤害。,-2,
防御（蓝）,Defend_B,Defend,蓝色,技能,初始,1,获得5点{{KW|格挡}}。,1,获得8点{{KW|格挡}}。
防御（紫）,Defend_P,Defend,紫色,技能,初始,1,获得5点{{KW|格挡}}。,1,获得8点{{KW|格挡}}。
防御（绿）,Defend_G,Defend,绿色,技能,初始,1,获得5点{{KW|格挡}}。,1,获得8点{{KW|格挡}}。
防御（红）,Defend_R,Defend,红色,技能,初始,1,获得5点{{KW|格挡}}。,1,获得8点{{KW|格挡}}。
碎片整理,Defragment,Defragment,蓝色,能力,罕见,1,获得1点 集中 。,1,获得2点 集中 。
偏折,Deflect,Deflect,绿色,技能,普通,0,获得4点{{KW|格挡}}。,0,获得7点{{KW|格挡}}。
恶魔形态,Demon Form,Demon Form,红色,能力,稀有,3,在每回合开始时获得2点{{KW|力量}}。,3,在每回合开始时获得3点{{KW|力量}}。
机械降神,DeusExMachina,Deus Ex Machina,紫色,技能,稀有,-2,{{KW|不能被打出}}。<br>当你抽到这张牌时，在你的手牌中加入2张{{Card_link|奇迹}}，然后{{KW|消耗}}。,-2,{{KW|不能被打出}}。<br>当你抽到这张牌时，在你的手牌中加入3张{{Card_link|奇迹}}，然后{{KW|消耗}}。
天人形态,DevaForm,Deva Form,紫色,能力,稀有,3,{{KW|虚无}}。<br>在你的回合开始时获得[P]，每回合增加1。,3,在你的回合开始时获得[P]，每回合增加1。
虔信,Devotion,Devotion,紫色,能力,稀有,1,在你的回合开始时，获得2层[[真言]]。,1,在你的回合开始时，获得3层[[真言]]。
死吧死吧死吧,Die Die Die,Die Die Die,绿色,攻击,稀有,1,对所有敌人造成13点伤害。<br>{{KW|消耗}}。,1,对所有敌人造成17点伤害。<br>{{KW|消耗}}。
闪躲翻滚,Dodge and Roll,Dodge and Roll,绿色,技能,普通,1,获得4点{{KW|格挡}}。<br>在下一回合获得 4 点{{KW|格挡}}。,1,获得6点{{KW|格挡}}。<br>在下一回合获得 6 点{{KW|格挡}}。
发现,Discovery,Discovery,无色,技能,罕见,1,从3张随机牌中选择1张加入你的手牌。<br>这张牌在本回合耗能变为0。<br>{{KW|消耗}}。,1,从3张随机牌中选择一张加入你的手牌。它在本回合耗能变为0。
缴械,Disarm,Disarm,红色,技能,罕见,1,使敌人失去2点{{KW|力量}}。<br>{{KW|消耗}}。,1,使敌人失去3点{{KW|力量}}。<br>{{KW|消耗}}。
声东击西,Distraction,Distraction,绿色,技能,罕见,1,增加一张随机技能牌到你的手牌。<br>这张牌在本回合耗能变为0。<br>{{KW|消耗}}。,0,增加一张随机技能牌到你的手牌。<br>这张牌在本回合耗能变为0。<br>{{KW|消耗}}。
愁云惨淡,Doom and Gloom,Doom and Gloom,蓝色,攻击,罕见,2,对所有敌人造成10点伤害。<br>生成1个黑暗充能球。,2,对所有敌人造成14点伤害。<br>生成1个黑暗充能球。
双重存在,Doppelganger,Doppelganger,绿色,技能,稀有,-1,下一回合，抽X张牌，获得X[G]。<br>{{KW|消耗}}。,-1,下一回合，抽X+1张牌，获得X+1 [G] 。<br>{{KW|消耗}}。
双倍能量,Double Energy,Double Energy,蓝色,技能,罕见,1,将你的能量翻倍。<br>{{KW|消耗}}。,0,将你的能量翻倍。
双发,Double Tap,Double Tap,红色,技能,稀有,1,在这个回合，你打出的下一张攻击牌会打出两次。,1,在这个回合，你打出的下2张攻击牌会打出两次。
闪亮登场,Dramatic Entrance,Dramatic Entrance,无色,攻击,罕见,0,{{KW|固有}}。<br>对所有敌人造成8点伤害。<br>{{KW|消耗}}。,0,{{KW|固有}}。<br>对所有敌人造成12点伤害。<br>{{KW|消耗}}。
疑虑,Doubt,Doubt,诅咒,诅咒,诅咒,-2,{{KW|不能被打出}}。<br>在你的回合结束时，获得1层{{KW|虚弱}}。,-2,
飞身踢,Dropkick,Dropkick,红色,攻击,罕见,1,造成5点伤害。<br>如果敌人有{{KW|易伤}}状态，获得[R]并且抽1张牌。,1,造成8点伤害。<br>如果敌人有{{KW|易伤}}状态 ，获得[R]并且抽1张牌。
回响形态,Echo Form,Echo Form,蓝色,能力,稀有,3,你每回合打出的第一张牌会打出两次。虚无。,3,你每回合打出的第一张牌会打出两次。
双持,Dual Wield,Dual Wield,红色,技能,罕见,1,将你手牌中的一张攻击或能力牌复制一张。,1,将你手牌中的一张攻击或能力牌复制两张。
双重释放,Dualcast,Dualcast,蓝色,技能,普通,1,激发 你最右侧的充能球2次。,0,激发你最右侧的充能球2次。
电动力学,Electrodynamics,Electrodynamics,蓝色,能力,稀有,2,闪电充能球现在会击中所有敌人。2个闪电充能球。,2,闪电充能球现在会击中所有敌人。3个闪电充能球。
化体为空,Empty Body,Empty Body,紫色,技能,普通,1,获得7点{{KW|格挡}}。<br>退出当前[[姿态]]。,1,获得10点{{KW|格挡}}。退出当前[[姿态]]。
化拳为空,Empty Fist,Empty Fist,紫色,攻击,普通,1,造成9点伤害。<br>退出当前[[姿态]]。,1,造成14点伤害。<br>退出当前[[姿态]]。
化智为空,Empty Mind,Empty Mind,紫色,技能,罕见,1,抽2张牌。<br>退出当前 [[姿态]]。,1,抽 3 张牌。退出当前 [[姿态]]。
无尽苦痛,Endless Agony,Endless Agony,绿色,攻击,罕见,0,每当你抽到这张牌，都增加一张其复制品到你的手牌。<br>造成4点伤害。<br>{{KW|消耗}}。,0,每当你抽到这张牌，都增加一张其复制品到你的手牌。 造成 6 点伤害。<br>{{KW|消耗}}。
开悟,Enlightenment,Enlightenment,无色,技能,罕见,0,在这个回合，你当前手牌中所有牌的耗能降低到1。,0,在本场战斗，你当前所有手牌的耗能降低到1.
巩固,Entrench,Entrench,红色,技能,罕见,2,将你当前的{{KW|格挡}}翻倍。,1,将你当前的{{KW|格挡}}翻倍。
暴怒,Eruption,Eruption,紫色,攻击,初始,2,造成9点伤害。<br>进入[[愤怒]]。,1,造成9点伤害。<br>进入[[愤怒]]。
涂毒,Envenom,Envenom,绿色,能力,稀有,2,每有一次攻击造成未被格挡的伤害，就给予1层中毒。,1,每有一次攻击造成未被格挡的伤害，就给予1层中毒。
确立基础,Establishment,Establishment,紫色,能力,稀有,1,每当有卡牌被[[保留]]时，将其在本场战斗的耗能减少1。,1,[[固有]]。<br>每当有卡牌被[[保留]]时，将其在本场战斗的耗能减少1。
逃脱计划,Escape Plan,Escape Plan,绿色,技能,罕见,0,抽1张牌。<br>如果抽到的是技能牌，获得3点{{KW|格挡}}。,0,抽1张牌。如果抽到的是技能牌，获得5点{{KW|格挡}}。
内脏切除,Eviscerate,Eviscerate,绿色,攻击,罕见,3,你在这个回合内每丢弃一张牌，耗能就减少1[G]。<br>造成7点伤害三次。,3,你在这个回合内每丢弃一张牌，耗能就减少1[G]。造成9点伤害三次。
评估,Evaluate,Evaluate,紫色,技能,普通,1,获得6点{{KW|格挡}}。在你的抽牌堆中加入一张{{Card_link|洞见}}。,1,获得10点{{KW|格挡}}。在你的抽牌堆中加入一张{{Card_link|洞见}}。
发掘,Exhume,Exhume,红色,技能,稀有,1,选择一张已{{KW|消耗}}的牌，将其放入你的手牌。<br>{{KW|消耗}}。,0,选择一张已{{KW|消耗}}的牌，将其放入你的手牌。<br>{{KW|消耗}}。
进化,Evolve,Evolve,红色,能力,罕见,1,每当你抽到一张{{KW|状态牌}}时，抽1张牌。,1,每当你抽到一张{{KW|状态牌}}时，抽2张牌。
灭除之刃,Expunger,Expunger,无色,攻击,特殊,1,造成9点伤害X次。,1,造成15点伤害X次。
独门技术,Expertise,Expertise,绿色,技能,罕见,1,抽牌直到你的手牌有6张牌。,1,抽牌直到你的手牌有7张牌。
斋戒,Fasting,Fasting,紫色,能力,罕见,2,获得3点[[力量]]。<br>获得3[[敏捷]]。<br>每回合开始时少获得一[P]。,2,获得4点[[力量]]。<br>获得4[[敏捷]]。<br>每回合开始时少获得一[P]。
不惧妖邪,Fear No Evil,Fear No Evil,紫色,攻击,罕见,1,"造成8点伤害。<br>如果目标敌人的意图是攻击,则进入[[平静]]。",1,"造成11点伤害。<br>如果目标敌人的意图是攻击,则进入[[平静]]。"
狂宴,Feed,Feed,红色,攻击,稀有,1,造成10点伤害。<br>若{{KW|斩杀}}，则永久获得3点最大生命。<br>{{KW|消耗}}。,1,造成12点伤害。<br>若{{KW|斩杀}}，则永久获得4点最大生命。<br>{{KW|消耗}}。
无惧疼痛,Feel No Pain,Feel No Pain,红色,能力,罕见,1,每当有一张牌被{{KW|消耗}}，获得3点{{KW|格挡}}。,1,每当有一张牌被{{KW|消耗}}，获得4点{{KW|格挡}}。
妙计,Finesse,Finesse,无色,技能,罕见,0,获得2点{{KW|格挡}}。<br>抽1张牌。,0,获得4点{{KW|格挡}}。抽1张牌。
恶魔之焰,Fiend Fire,Fiend Fire,红色,攻击,稀有,2,{{KW|消耗}}所有手牌。<br>每张被消耗的牌造成7点伤害。<br>{{KW|消耗}}。,2,{{KW|消耗}}所有手牌。<br>每张被消耗的牌造成 10 点伤害。<br>{{KW|消耗}}。
火焰吐息,Fire Breathing,Fire Breathing,红色,能力,罕见,1,当你抽到一张{{KW|状态牌}}或{{KW|诅咒}}牌时，对所有敌人造成6点伤害。,1,当你抽到一张{{KW|状态牌}}或{{KW|诅咒}}牌时，对所有敌人造成10点伤害。
终结技,Finisher,Finisher,绿色,攻击,罕见,1,你在这个回合内每打出过一张攻击牌，就造成一次 6 点伤害。,1,你在这个回合内每打出过一张攻击牌，就造成一次 8 点伤害。
裂变,Fission,Fission,蓝色,技能,稀有,0,移除所有充能球 ，每移除一个充能球抽1张牌。获得 [B] 。<br>{{KW|消耗}} 。,0,激发 所有充能球 ，每激发一个充能球抽 1 张牌。获得 [B] 。<br>{{KW|消耗}} 。
火焰屏障,Flame Barrier,Flame Barrier,红色,技能,罕见,2,获得12点{{KW|格挡}}。<br>你在这个回合每受到一次攻击，都对攻击者造成4点伤害。,2,获得16点{{KW|格挡}}。<br>你在这个回合每受到一次攻击，都对攻击者造成6点伤害。
亮剑,Flash of Steel,Flash of Steel,无色,攻击,罕见,0,造成3点伤害。<br>抽1张牌。,0,造成6点伤害。抽1张牌。
飞镖,Flechettes,Flechettes,绿色,攻击,罕见,1,手牌中每有一张技能牌，造成4点伤害。,1,手牌中每有一张技能牌，造成 6 点伤害。
活动肌肉,Flex,Flex,红色,技能,普通,0,获得2点{{KW|力量}}。<br>你的回合结束时，失去2点{{KW|力量}}。,0,获得4点{{KW|力量}}。<br>你的回合结束时，失去4点{{KW|力量}}。
疾风连击,Flurry of Blows,Flurry of Blows,紫色,攻击,普通,0,造成4点伤害。<br>你每次转换[[姿态]]时，将这张牌从弃牌堆放回你的手牌。,0,造成6点伤害。<br>你每次转换[[姿态]]时，将这张牌从弃牌堆放回你的手牌。
飞膝,Flying Knee,Flying Knee,绿色,攻击,普通,1,造成8点伤害。<br>在下一回合获得[G]。,1,造成11点伤害。<br>在下一回合获得[G]。
流云飞袖,Flying Sleeves,Flying Sleeves,紫色,攻击,普通,1,{{KW|保留}}。<br>造成4点伤害两次。,1,{{KW|保留}}。<br>造成6点伤害两次。
灵动步法,Footwork,Footwork,绿色,能力,罕见,1,获得2点{{KW|敏捷}}。,1,获得3点{{KW|敏捷}}。
力场,Force Field,Force Field,蓝色,技能,罕见,4,你在本场战斗中每打出一张能力牌，耗能就减少1[B]。<br>获得12点{{KW|格挡}}。,4,你在本场战斗中每打出一张能力牌，耗能就减少1[B]。获得16点{{KW|格挡}}。
追击,Follow-Up,Follow-Up,紫色,攻击,普通,1,造成7点伤害。<br>如果本场战斗中打出的上一张牌是攻击牌，获得{{能量|紫}}。,1,造成11点伤害。<br>如果本场战斗中打出的上一张牌是攻击牌，获得{{能量|紫}}。
他山之石,Foreign Influence,Foreign Influence,紫色,技能,罕见,0,从 3 张任意颜色的攻击牌中选择 1 张加入你的手牌。<br>{{KW|消耗}}。,0,从 3 张任意颜色的攻击牌中选择 1 张加入你的手牌。这张牌在本回合耗能变为 0。<br>{{KW|消耗}}。
先见之明,Foresight,Foresight,紫色,能力,罕见,1,在你的回合开始时，[[预见]] 3。,1,在你的回合开始时，[[预见]] 4。
预谋,Forethought,Forethought,无色,技能,罕见,0,将手牌中的一张牌放到抽牌堆的底部。 并且在其被打出之前，其耗能变为0。,0,将手牌中的任意张牌放到抽牌堆的底部。并且在这张牌被打出之前，耗能变成0.
聚变,Fusion,Fusion,蓝色,技能,罕见,2,生成1个 等离子 充能球。,1,生成 1 个 等离子 充能球。
超越光速,FTL,FTL,蓝色,攻击,罕见,0,造成5点伤害。<br>如果你在这回合打出的牌数少于3张，抽一张牌。,0,造成6点伤害。如果你在这回合打出的牌数少于4张，抽一张牌。
爪击,Gash,Gash,蓝色,攻击,普通,0,造成3点伤害。<br>在本场战斗中所有 爪击 牌的伤害增加2。,0,造成 5 点伤害。 在本场战斗中所有 爪击 牌的伤害增加2。
遗传算法,Genetic Algorithm,Genetic Algorithm,蓝色,技能,罕见,1,获得1点格挡。每打出一次，这张牌在本局游戏中的格挡值永久性增加2。<br>{{KW|消耗}}。,1,获得1点{{KW|格挡}}。每打出一次，这张牌在本局游戏中的格挡值永久性增加3。<br>{{KW|消耗}}。
灵体,Ghostly,Ghostly,无色,技能,特殊,1,获得1层无实体。<br>{{KW|消耗}}。{{KW|虚无}}。,1,获得1层无实体。<br>{{KW|消耗}}。
幽灵铠甲,Ghostly Armor,Ghostly Armor,红色,技能,罕见,1,{{KW|虚无}}。<br>获得10点{{KW|格挡}}。,1,{{KW|虚无}}。<br>获得13点{{KW|格挡}}。
玻璃刀刃,Glass Knife,Glass Knife,绿色,攻击,稀有,1,造成8点伤害两次。<br> 这张牌每被打出一次，在本场战斗中其基础伤害减少2。,1,造成 12 点伤害两次。 这张牌每被打出一次，在本场战斗中其基础伤害减少2。
冰川,Glacier,Glacier,蓝色,技能,罕见,2,获得7点{{KW|格挡}}。<br>生成2个冰霜充能球。,2,获得10点{{KW|格挡}}。生成2个冰霜充能球。
眼部攻击,Go for the Eyes,Go for the Eyes,蓝色,攻击,普通,0,造成3点伤害。<br>如果目标敌人的意图是攻击，则给予其1层虚弱。,0,造成4点伤害。如果目标敌人的意图是攻击，则给予其2层虚弱。
优秀直觉,Good Instincts,Good Instincts,无色,技能,罕见,0,获得6点{{KW|格挡}}。,0,获得9点{{KW|格挡}}。
华丽收场,Grand Finale,Grand Finale,绿色,攻击,稀有,0,只有当抽牌堆中没有牌时才能打出。<br>对所有敌人造成50点伤害。,0,只有当抽牌堆中没有牌时才能打出。对所有敌人造成60点伤害。
停顿,Halt,Halt,紫色,技能,普通,0,获得3点{{KW|格挡}}。<br>[[愤怒]]：获得 9 点额外格挡。,0,获得 4 点 [[格挡]]。[[愤怒]]：获得 14 点额外格挡。
贪婪之手,Hand Of Greed,Hand Of Greed,无色,攻击,稀有,2,造成20点伤害。<br>[[斩杀]]时，则获得20金币。,2,造成25点伤害。<br>[[斩杀]]时，获得25金币。
破灭,Havoc,Havoc,红色,技能,普通,1,打出抽牌堆顶部的牌，将其{{KW|消耗}}。,0,打出抽牌堆顶部的牌，将其{{KW|消耗}}。
散热片,Heatsinks,Heatsinks,蓝色,能力,罕见,1,你每打出一张能力牌，抽1张牌。,1,你每打出一张能力牌，抽 2 张牌。
头槌,Head butt,Head butt,红色,攻击,普通,1,造成9点伤害。<br>将弃牌堆中的一张牌放到抽牌堆的顶部。,1,造成12点伤害。<br>将弃牌堆中的一张牌放到抽牌堆的顶部。
重刃,Heavy Blade,Heavy Blade,红色,攻击,普通,2,造成14点伤害。<br>{{KW|力量}}在重刃上发挥3倍效果。,2,造成14点伤害。<br>{{KW|力量}}在重刃上发挥5倍效果。
足跟勾,Heel Hook,Heel Hook,绿色,攻击,罕见,1,造成5点伤害。<br>如果敌人有虚弱状态，获得[G]并且抽1张牌。,1,造成8点伤害。如果敌人有虚弱状态，获得[G]并且抽1张牌。
你好，世界,Hello World,Hello World,蓝色,能力,罕见,1,在你的回合开始时，增加一张随机普通牌到你的手牌。,1,{{KW|固有}}。在你的回合开始时，增加一张随机普通牌到你的手牌。
御血术,Hemokinesis,Hemokinesis,红色,攻击,罕见,1,失去2点生命。<br>造成15点伤害。,1,失去2点生命。<br>造成20点伤害。
全息影像,Hologram,Hologram,蓝色,技能,普通,1,获得3点格挡。将弃牌堆中的一张牌放入你的手牌。消耗。,1,获得5点{{KW|格挡}}。将弃牌堆中的一张牌放入你的手牌。
超能光束,Hyperbeam,Hyperbeam,蓝色,攻击,稀有,2,对所有敌人造成26点伤害。<br>失去3点集中。,2,对所有敌人造成34点伤害。失去3点集中。
燔祭,Immolate,Immolate,红色,攻击,稀有,2,对所有敌人造成21点伤害。<br>将一张{{Card_link|灼伤}}放入你的弃牌堆中。,2,对所有敌人造成28点伤害。<br>将一张{{Card_link|灼伤}}放入你的弃牌堆中。
急躁,Impatience,Impatience,无色,技能,罕见,0,如果你的手牌中没有攻击牌，抽2张牌。,0,如果你的手牌中没有攻击牌，抽3张牌。
岿然不动,Impervious,Impervious,红色,技能,稀有,2,获得30点{{KW|格挡}}。<br>{{KW|消耗}}。,2,获得40点{{KW|格挡}}。<br>{{KW|消耗}}。
地狱之刃,Infernal Blade,Infernal Blade,红色,技能,罕见,1,增加一张随机攻击牌到你的手牌。<br>这张牌在本回合耗能变为0。<br>{{KW|消耗}}。,0,增加一张随机攻击牌到你的手牌。<br>这张牌在本回合耗能变为0。<br>{{KW|消耗}}。
义愤填膺,Indignation,Indignation,紫色,技能,罕见,1,{{KW|愤怒}}：给予所有敌人 3 层{{KW|易伤}}。<br>否则，进入{{KW|愤怒}}。,1,[[愤怒]]：给予所有敌人 5 层 [[易伤]]。否则，进入 [[愤怒]] 。
无限刀刃,Infinite Blades,Infinite Blades,绿色,能力,罕见,1,在你的回合开始时，增加一张小刀到你的手牌。,1,{{KW|固有}}。在你的回合开始时，增加一张小刀到你的手牌。
燃烧,Inflame,Inflame,红色,能力,罕见,1,获得2点{{KW|力量}}。,1,获得3点{{KW|力量}}。
受伤,Injury,Injury,诅咒,诅咒,诅咒,-2,{{KW|不能被打出}}。,-2,
内心宁静,InnerPeace,Inner Peace,紫色,技能,罕见,1,{{KW|平静}}：抽4张牌。<br>否则，进入{{KW|平静}}。,1,[[平静]]：抽4张牌。否则，进入[[平静]]。
洞见,Insight,Insight,无色,技能,特殊,0,{{KW|保留}}。<br>抽2张牌。<br>{{KW|消耗}}。,0,[[保留]]。抽3张牌。<br>{{KW|消耗}}。
威吓,Intimidate,Intimidate,红色,技能,罕见,0,给予所有敌人1层{{KW|虚弱}}。<br>{{KW|消耗}}。,0,给予所有敌人2层{{KW|虚弱}}。<br>{{KW|消耗}}。
铁斩波,Iron Wave,Iron Wave,红色,攻击,普通,1,获得5点{{KW|格挡}}。<br>造成5点伤害。,1,获得7点{{KW|格挡}}。<br>造成7点伤害。
审判,Judgement,Judgment,紫色,技能,稀有,1,如果目标敌人的生命值小于等于30点，则将其生命值变为0。,1,如果目标敌人的生命值小于等于40点，则将其生命值变为0。
J.A.X.,J.A.X.,J.A.X.,无色,技能,特殊,0,失去 3 点生命。<br>获得 2 点 [[力量]]。,0,失去 3 点生命。<br>获得 3 点[[力量]]。
势不可当,Juggernaut,Juggernaut,红色,能力,稀有,2,每当你获得{{KW|格挡}}时，对随机一名敌人造成5点伤害。,2,每当你获得{{KW|格挡}}时，对随机一名敌人造成7点伤害。
花样百出,Jack Of All Trades,Jack Of All Trades,无色,技能,罕见,0,增加1张随机无色牌到你的手牌。<br>{{KW|消耗}}。,0,增加2张无色牌到你的手牌。<br>{{KW|消耗}}。
飞跃,Leap,Leap,蓝色,技能,普通,1,获得9点{{KW|格挡}}。,1,获得12点{{KW|格挡}}。
幸运一击,Just Luck,Just Luck,紫色,攻击,普通,0,{{KW|预见}}1。<br>获得2点{{KW|格挡}}。<br>造成3点伤害。,0,[[预见]]2。<br>获得3点{{KW|格挡}}。<br>造成4点伤害。
扫腿,Leg Sweep,Leg Sweep,绿色,技能,罕见,2,给予2层虚弱，获得11点{{KW|格挡}}。,2,给予3层虚弱，获得14点{{KW|格挡}}。
勤学精进,Lesson Learned,Lesson Learned,紫色,攻击,稀有,2,造成10点伤害。<br>[[斩杀]]时，[[升级]]你牌组中的一张随机牌。<br>{{KW|消耗}}。,2,造成13点伤害。<br>[[斩杀]]时，[[升级]]你牌组中的一张随机牌。<br>{{KW|消耗}}。
如水,Like Water,Like Water,紫色,能力,罕见,1,在你的回合结束时，如果你处于[[平静]]，则获得5点{{KW|格挡}}。,1,在你的回合结束时，如果你处于[[平静]]，则获得7点{{KW|格挡}}。
瞄准靶心,Lockon,Lockon,蓝色,攻击,罕见,1,造成8点伤害。给予敌人1回合跟踪锁定效果。,1,造成10点伤害。给予敌人2回合跟踪锁定效果。
突破极限,Limit Break,Limit Break,红色,技能,稀有,1,将你的{{KW|力量}}翻倍。<br>{{KW|消耗}}。,1,将你的{{KW|力量}}翻倍。
机器学习,Machine Learning,Machine Learning,蓝色,能力,稀有,1,在每回合开始时额外抽1张牌。,1,{{KW|固有}}。在每回合开始时额外抽1张牌。
循环,Loop,Loop,蓝色,能力,罕见,1,在你的回合开始时，使用你最右侧的1个充能球的被动能力。,1,在你的回合开始时，使用你最右侧的1个充能球的被动能力 2 次。
疯狂,Madness,Madness,无色,技能,罕见,1,你手牌中一张随机牌在本场战斗中耗能变为0。<br>{{KW|消耗}}。,0,1张随机手牌的耗能变为0。消耗。
磁力,Magnetism,Magnetism,无色,能力,稀有,2,在每回合开始时，增加一张随机无色牌到你的手牌。,1,在每个回合开始时，增加1张随机无色牌到你的手牌。
萎靡,Malaise,Malaise,绿色,技能,稀有,-1,消费所有[G]。敌人失去X点力量，给予X层虚弱。<br>{{KW|消耗}}。,-1,消费所有[G]。敌人失去X+1点力量，给予X+1层虚弱。<br>{{KW|消耗}}。
战略大师,Master of Strategy,Master of Strategy,无色,技能,稀有,0,抽3张牌。<br>{{KW|消耗}}。,0,抽4张牌。<br>{{KW|消耗}}。
操控现实,Master Reality,Master Reality,紫色,能力,稀有,1,所有在战斗中临时增加的牌将被 [[升级]]。,0,所有在战斗中临时增加的牌将被 [[升级]]。
精巧刺击,Masterful Stab,Masterful Stab,绿色,攻击,罕见,0,造成12点伤害。<br>你每次受到伤害，这张牌的耗能增加1。,0,造成16点伤害。<br>你每次受到伤害，这张牌的耗能增加1。
熔化,Melter,Melter,蓝色,攻击,罕见,1,去除一名敌人的所有{{KW|格挡}}值。<br>造成10点伤害。,1,去除一名敌人的所有{{KW|格挡}}值。 造成 14 点伤害。
心灵堡垒,MentalFortress,Mental Fortress,紫色,能力,罕见,1,每当你转换[[姿态]]时，获得4点{{KW|格挡}}。,1,每当你转换[[姿态]]时，获得6点{{KW|格挡}}。
冥想,Meditate,Meditate,紫色,技能,罕见,1,将弃牌堆中的1张牌放入你的手牌，并将其[[保留]]。进入[[平静]]。结束你的回合。,1,将弃牌堆中的2张牌放入你的手牌，并将它们[[保留]]。进入[[平静]]。结束你的回合。
乱战,Mayhem,Mayhem,无色,能力,稀有,2,在你的回合开始时，打出你抽牌堆顶部的牌。,1,在你的回合开始时，打出你抽牌堆顶部的牌。
金属化,Metallicize,Metallicize,红色,能力,罕见,1,在你的回合结束时，获得3点{{KW|格挡}}。,1,在你的回合结束时，获得4点{{KW|格挡}}。
羽化,Metamorphosis,Metamorphosis,无色,技能,稀有,2,在你的抽牌堆中加入3张随机攻击牌。他们在本场战斗中耗能为0。<br>{{KW|消耗}}。,2,在你的抽牌堆中加入5张随机攻击牌。它们在本场战斗中的耗能为0。<br>{{KW|消耗}}。
陨石打击,Meteor Strike,Meteor Strike,蓝色,攻击,稀有,5,造成24点伤害。<br>生成3个等离子充能球。,5,造成30点伤害。生成3个等离子充能球。
奇迹,Miracle,Miracle,无色,技能,特殊,0,{{KW|保留}}。<br>获得[P]。<br>{{KW|消耗}}。,0,[[保留]]。获得[P][P]。<br>{{KW|消耗}}。
心灵震慑,Mind Blast,Mind Blast,无色,攻击,罕见,2,{{KW|固有}}。<br>造成你抽牌堆中剩余牌数的伤害。,1,{{KW|固有}}。造成你抽牌堆中剩余牌的伤害。
多重释放,Multi-Cast,Multi-Cast,蓝色,技能,稀有,-1,激发 你最右侧的充能球X次。,-1,激发 你最右侧的充能球X+1次。
死灵诅咒,Necronomicurse,Necronomicurse,诅咒,诅咒,诅咒,-2,{{KW|不能被打出}}。<br/>这个{{KW|诅咒}}无法逃脱。,-2,
涅槃,Nirvana,Nirvana,紫色,能力,罕见,1,你每次 [[预见]] 时，获得3点{{KW|格挡}}。,1,你每次 [[预见]] 时，获得 4 点{{KW|格挡}}。
夜魇,Night Terror,Night Terror,绿色,技能,稀有,3,选择一张牌， 在下一回合，将 3 份这张牌的复制品放入你的手牌中。<br>{{KW|消耗}}。,2,选择一张牌， 在下一回合，将 3 份这张牌的复制品放入你的手牌中。<br>{{KW|消耗}}。
凡庸,Normality,Normality,诅咒,诅咒,诅咒,-2,{{KW|不能被打出}}。<br>在手牌中时，你在此回合无法打出3张以上牌。,-2,
中和,Neutralize,Neutralize,绿色,攻击,普通,0,造成3点伤害。<br>给予1层[[虚弱]]。,0,造成4点伤害。<br>给予2层[[虚弱]]。
毒雾,Noxious Fumes,Noxious Fumes,绿色,能力,罕见,1,在你的回合开始时，给予所有敌人2层中毒。,1,在你的回合开始时，给予所有敌人3层中毒。
祭品,Offering,Offering,红色,技能,稀有,0,失去6点生命。<br>获得[R][R]。<br>抽3张牌。<br>{{KW|消耗}}。,,失去6点生命。<br>获得[R][R]。<br>抽5张牌。<br>{{KW|消耗}}。
通晓万物,Omniscience,Omniscience,紫色,技能,稀有,4,选择你抽牌堆中的一张牌。将这张牌打出两次然后将其{{KW|消耗}}。<br>{{KW|消耗}}。,3,选择你抽牌堆中的一张牌。将这张牌打出两次然后将其{{KW|消耗}}。<br>{{KW|消耗}}。
欧米伽,Omega,Omega,无色,能力,特殊,3,在你的回合结束时，对所有敌人造成50点伤害。,3,"在你的回合结束时,对所有敌人造成60点伤害。"
疼痛,Pain,Pain,诅咒,诅咒,诅咒,-2,{{KW|不能被打出}}。<br>当在手牌中时，每打出一张其他牌，失去1生命。,-2,
抢占先机,Outmaneuver,Outmaneuver,绿色,技能,普通,1,下一回合获得[G][G]。,1,下一回合 获得 [G] [G] [G] 。
万能药,Panacea,Panacea,无色,技能,罕见,0,获得1层人工制品。<br>{{KW|消耗}}。,0,获得2层人工制品。<br>{{KW|消耗}}。
神气制胜,Panache,Panache,无色,能力,稀有,0,你每在同个回合内打出5张牌，就对所有敌人造成 10 点伤害。,0,你每在同个回合内打出5张牌，就对所有敌人造成14点伤害。
寄生,Parasite,Parasite,诅咒,诅咒,诅咒,-2,{{KW|不能被打出}}。<br>如果这张牌在你的牌组中被转化或移除，你失去3点最大生命。,-2,
完美打击,Perfected Strike,Perfected Strike,红色,攻击,普通,2,造成6点伤害。<br>你每有一张名字中有{{KW|打击}}的牌，伤害+2。,2,造成6点伤害。<br>你每有一张名字中有{{KW|打击}}的牌，伤害+3。
应急按钮,Panic Button,Panic Button,无色,技能,罕见,0,获得30点格挡。你在接下来2回合内无法再从卡牌中获得格挡。<br>{{KW|消耗}}。,0,获得40点格挡。你在接下来2回合内无法再从卡牌中获得格挡。<br>{{KW|消耗}}。
坚韧,Perseverance,Perseverance,紫色,技能,罕见,1,{{KW|保留}}。<br>获得7点{{KW|格挡}}。<br>每当这张牌被{{KW|保留}}时，将其在本场战斗的格挡增加2点。,1,[[保留]]。获得7点{{KW|格挡}}。每当这张牌被[[保留]]时，将其在本场战斗的格挡增加3点。
幻影杀手,Phantasmal Killer,Phantasmal Killer,绿色,技能,稀有,1,在你的下个回合，你所有的攻击伤害翻倍。,0,在你的下个回合，你所有的攻击伤害翻倍。
尖啸,Piercing Wail,Piercing Wail,绿色,技能,普通,1,所有敌人失去6力量1回合。<br>{{KW|消耗}}。,1,所有敌人失去8力量1回合。<br>{{KW|消耗}}。
带毒刺击,Poisoned Stab,Poisoned Stab,绿色,攻击,普通,1,造成6点伤害。<br>给予3层{{KW|中毒}}。,1,造成8点伤害。<br>给予4层{{KW|中毒}}。
剑柄打击,Pommel Strike,Pommel Strike,红色,攻击,普通,1,造成9点伤害。<br>抽1张牌。,1,造成10点伤害。<br>抽2张牌。
祈祷,Pray,Pray,紫色,技能,罕见,1,获得3层 [[真言]]。<br>在你的抽牌堆中加入 1 张 {{Card_link|洞见}}。,1,获得 4 层 [[真言]]。在你的抽牌堆中加入 1 张 {{Card_link|洞见}}。
硬撑,Power Through,Power Through,红色,技能,罕见,1,增加2张{{Card_link|伤口}}到你的手牌。<br>获得15点{{KW|格挡}}。,1,增加2张{{Card_link|伤口}}到你的手牌。<br>获得20点{{KW|格挡}}。
早有准备,Prepared,Prepared,绿色,技能,普通,0,抽1张牌。<br>丢弃1张牌。,0,抽2张牌。丢弃2张牌。
猎杀者,Predator,Predator,绿色,攻击,罕见,2,<br>造成15点伤害。在下一回合多抽2张牌。,2,造成20点伤害。在下一回合多抽2张牌。
点穴,Pressure Points,Pressure Points,紫色,技能,普通,1,给予8层[[印记]]。<br>所有拥有[[印记]]的敌人失去与层数相等的生命。,1,给予11层[[印记]]。所有拥有[[印记]]的敌人失去与层数相等的生命。
傲慢,Pride,Pride,诅咒,诅咒,诅咒,1,{{KW|固有}}。<br>{{KW|消耗}}。<br>你的回合结束时，在抽牌堆顶部加入一张这张牌的复制品。,0,
五体投地,Prostrate,Prostrate,紫色,技能,普通,0,获得2层 [[真言]]。<br>获得 4 点{{KW|格挡}}。,0,获得 3 层 [[真言]]。获得 4 点{{KW|格挡}}。
护身,Protect,Protect,紫色,技能,普通,2,{{KW|保留}}。<br>获得12点{{KW|格挡}}。,2,[[保留]]。获得16点{{KW|格挡}}。
连续拳,Pummel,Pummel,红色,攻击,罕见,1,造成2点伤害4次。<br>{{KW|消耗}}。,1,造成2点伤害5次。<br>{{KW|消耗}}。
净化,Purity,Purity,无色,技能,罕见,0,从手牌中选择最多3张牌消耗。<br>{{KW|消耗}}。,0,从手牌中选择最多5张牌消耗。<br>{{KW|消耗}}。
快斩,Quick Slash,Quick Slash,绿色,攻击,普通,1,造成8点伤害。<br> 抽1张牌。,1,造成12点伤害。<br> 抽1张牌。
狂怒,Rage,Rage,红色,技能,罕见,0,打出此牌后，你在这个回合内每打出一张攻击牌，获得3{{KW|格挡}}。,0,打出此牌后，你在这个回合内每打出一张攻击牌，获得5{{KW|格挡}}。
诸神之黄昏,Ragnarok,Ragnarok,紫色,攻击,稀有,3,随机对敌人造成5点伤害5次。,3,随机对敌人造成6点伤害6次。
暴走,Rampage,Rampage,红色,攻击,罕见,1,造成8点伤害。<br>这张牌每被打出一次，在本场战斗中其伤害增加5。,1,造成8点伤害。<br>这张牌每被打出一次，在本场战斗中其伤害增加8。
立地升天,Reach Heaven,Reach Heaven,紫色,攻击,罕见,2,造成10点伤害。<br>在你的抽牌堆中加入1张{{Card_link|以暴易暴}}。,2,造成15点伤害。<br>在你的抽牌堆中加入1张{{Card_link|以暴易暴}}。
彩虹,Rainbow,Rainbow,蓝色,技能,稀有,2,生成闪电、冰霜、黑暗充能球各一个。<br>{{KW|消耗}}。,2,生成闪电、冰霜、黑暗充能球各一个。
死亡收割,Reaper,Reaper,红色,攻击,稀有,2,对所有敌人造成4点伤害。<br>未被{{KW|格挡}}的伤害将回复你的生命。<br>{{KW|消耗}}。,2,对所有敌人造成5点伤害。<br>未被{{KW|格挡}}的伤害将回复你的生命。<br>{{KW|消耗}}。
重启,Reboot,Reboot,蓝色,技能,稀有,0,将你所有未消耗的牌重新洗牌放入抽牌堆，然后抽4张牌。<br>{{KW|消耗}}。,0,将你所有未消耗的牌重新洗牌放入抽牌堆，然后抽 6 张牌。<br>{{KW|消耗}}。
弹回,Rebound,Rebound,蓝色,攻击,普通,1,造成4点伤害。<br>你每次{{KW|预见}}时，将这张牌从弃牌堆放回你的手牌。（只限会移入弃牌堆的牌）,1,造成12点伤害。你在这个回合打出的下一张牌将会被放置到抽牌堆的顶部。（只限会移入弃牌堆的牌）
无谋冲锋,Reckless Charge,Reckless Charge,红色,攻击,罕见,0,造成7点伤害。<br>将一张{{Card_link|晕眩}}放入你的抽牌堆中。,0,造成10点伤害。<br>将一张{{Card_link|晕眩}}放入你的抽牌堆中。
回收,Recycle,Recycle,蓝色,技能,罕见,1,{{KW|消耗}} 一张牌。<br>获得与其耗能相等的 {{energy|[B]}} 。,0,{{KW|消耗}} 一张牌。 获得与其耗能相等的 {{energy|[B]}} 。
递归,Redo,Redo,蓝色,技能,普通,1,激发 你最右侧的充能球。<br>然后 生成 一个刚才被 激发 的充能球。,0,激发你最右侧的充能球。然后一个刚才被激发的充能球。
本能反应,Reflex,Reflex,绿色,技能,罕见,-2,{{KW|不能被打出}}。<br>如果这张牌从你的手牌中被丢弃，抽2张牌。,0,不能被打出。如果这张牌从你的手牌中被丢弃，抽3张牌。
硬化机体,Reinforced Body,Reinforced Body,蓝色,技能,罕见,-1,获得7点{{KW|格挡}}X次。,-1,获得 9 点 格挡 X 次。
悔恨,Regret,Regret,诅咒,诅咒,诅咒,-2,{{KW|不能被打出}}。<br>在你的回合结束时，每有一张手牌就失去1点生命。,-2,
重编程,Reprogram,Reprogram,蓝色,技能,罕见,1,失去1点集中，获得1点力量、1点敏捷。,1,失去2点集中，获得2点力量、2点敏捷。
千穿百刺,Riddle with Holes,Riddle with Holes,绿色,攻击,罕见,2,造成3点伤害5次。,2,造成4点伤害5次。
狂乱撕扯,Rip and Tear,Rip and Tear,蓝色,攻击,罕见,1,随机对敌人造成7点伤害2次。,1,随机对敌人造成 9 点伤害2次。
仪式匕首,Ritual Dagger,Ritual Dagger,无色,攻击,特殊,1,造成15点伤害。<br>[[斩杀]] 时，它在本局游戏中的伤害永久性增加 3。<br>{{KW|消耗}}。,1,造成 15 点伤害。<br>[[斩杀]] 时，它在本局游戏中造成的伤害永久性增加 5。<br>{{KW|消耗}}。
撕裂,Rupture,Rupture,红色,能力,罕见,1,每当你从一张牌中失去生命时，获得1点{{KW|力量}}。,1,每当你从一张牌中失去生命时，获得2点{{KW|力量}}。
猛虎下山,Adaptation,Adaptation,紫色,能力,罕见,1,每当你进入 [[愤怒]] 时，抽2张牌。,0,每当你进入 [[愤怒]] 时，抽 2 张牌。
残虐天性,Sadistic Nature,Sadistic Nature,无色,能力,稀有,0,每当你对一名敌人造成负面状态，使对方受到5点伤害。,0,每当你对一名敌人造成负面状态，便使它受到7点伤害。
平安,Safety,Safety,无色,技能,特殊,1,{{KW|保留}}。<br>获得12点{{KW|格挡}}。<br>{{KW|消耗}}。,1,[[保留]]。获得 16 点格挡。<br>{{KW|消耗}}。
腰带抽打,Sash Whip,Sash Whip,紫色,攻击,普通,1,"造成8点伤害。<br>如果本场战斗中打出的上一张牌是攻击牌,给予1层[[虚弱]]。",1,"造成10点伤害。<br>如果本场战斗中打出的上一张牌是攻击牌,给予2层[[虚弱]]。"
圣洁,Sanctity,Sanctity,紫色,技能,罕见,1,获得6点{{KW|格挡}}。如果本场战斗中打出的上一张牌是技能牌，抽2张牌。,1,获得9点{{KW|格挡}}。如果本场战斗中打出的上一张牌是技能牌，抽2张牌。
时之沙,Sands of Time,Sands of Time,紫色,攻击,罕见,4,"{{KW|保留}}。<br>造成20点伤害。<br>每当这张牌被{{KW|保留}}时,将其在本场战斗的耗能减少1。",4,"{{KW|保留}}。<br>造成26点伤害。<br>每当这张牌被{{KW|保留}}时,将其在本场战斗的耗能减少1。"
刮削,Scrape,Scrape,蓝色,攻击,罕见,1,造成7伤害。<br>抽4张牌。<br>丢弃抽到的牌中耗能不为0的牌。,1,造成 10 伤害。 抽 5 张牌。 丢弃抽到的牌中耗能不为 0 的牌。
潦草急就,Scrawl,Scrawl,紫色,技能,稀有,1,抽牌直到将手牌抽满。<br>{{KW|消耗}}。,0,抽牌直到将手牌抽满。<br>{{KW|消耗}}。
欺瞒现实,Deceive Reality,Deceive Reality,紫色,技能,罕见,1,获得4点{{KW|格挡}}。<br>将一张{{Card_link|平安}}加入你的手牌。,1,获得7点{{KW|格挡}}。<br>将一张{{Card_link|平安}}加入你的手牌。
灼热攻击,Searing Blow,Searing Blow,红色,攻击,罕见,2,造成12点伤害。<br>能被多次{{KW|升级}}。,2,造成16点伤害。<br>能被多次{{KW|升级}}。
重振精神,Second Wind,Second Wind,红色,技能,罕见,1,{{KW|消耗}}手牌中所有非攻击牌，每张获得5点{{KW|格挡}}。,1,{{KW|消耗}}手牌中所有非攻击牌，每张获得7点{{KW|格挡}}。
秘密技法,Secret Technique,Secret Technique,无色,技能,稀有,0,从抽牌堆中选择一张技能牌放入你的手牌。<br>{{KW|消耗}}。,0,从抽牌堆中选择1张技能牌放入你的手牌。
秘密武器,Secret Weapon,Secret Weapon,无色,技能,稀有,0,从抽牌堆中选择一张攻击牌放入你的手牌。<br>{{KW|消耗}}。,0,从抽牌堆中选择1张攻击牌放入你的手牌。
盛怒,Seeing Red,Seeing Red,红色,技能,罕见,1,获得[R][R]。<br>{{KW|消耗}}。,0,获得[R][R]。<br>{{KW|消耗}}。
自我修复,Self Repair,Self Repair,蓝色,能力,罕见,1,在战斗结束时，回复 7 点生命。,1,在战斗结束时，回复 10 点生命。
搜寻,Seek,Seek,蓝色,技能,稀有,0,从抽牌堆中选择1张牌放入你的手牌。<br>{{KW|消耗}}。,0,从抽牌堆中选择2张牌放入你的手牌。<br>{{KW|消耗}}。
哨卫,Sentinel,Sentinel,红色,技能,罕见,1,获得5点{{KW|格挡}}。<br>如果这张牌被{{KW|消耗}}，获得[R][R]。,1,获得8点{{KW|格挡}}。<br>如果这张牌被{{KW|消耗}}，获得[R][R][R]。
部署,Setup,Setup,绿色,技能,罕见,1,将手牌中的一张牌放到抽牌堆的顶部。并且在其被打出之前，其耗能变为0。,0,将手牌中的一张牌放到抽牌堆的顶部。并且在其被打出之前，其耗能变为0。
断魂斩,Sever Soul,Sever Soul,红色,攻击,罕见,2,{{KW|消耗}}手牌中所有非攻击牌。<br>造成16点伤害。,2,{{KW|消耗}}手牌中所有非攻击牌。<br>造成22点伤害。
羞耻,Shame,Shame,诅咒,诅咒,诅咒,-2,{{KW|不能被打出}}。<br>在你的回合结束时，获得1层{{KW|脆弱}}。,-2,
小刀,Shiv,Shiv,无色,攻击,特殊,0,造成4点伤害。<br>{{KW|消耗}}。,0,造成6点伤害。消耗。
耸肩无视,Shrug It Off,Shrug It Off,红色,技能,普通,1,获得8点{{KW|格挡}}。<br>抽1张牌。,1,获得11点{{KW|格挡}}。<br>抽1张牌。
震荡波,Shockwave,Shockwave,红色,技能,罕见,2,给予所有敌人3层{{KW|虚弱}}和{{KW|易伤}}。<br>{{KW|消耗}}。,2,给予所有敌人5层{{KW|虚弱}}和{{KW|易伤}}。<br>{{KW|消耗}}。
怒火中烧,Simmering Fury,Simmering Fury,紫色,技能,罕见,1,在你的下一回合开始时，进入 [[愤怒]] 并抽 2 张牌。,1,在你的下一回合开始时，进入 [[愤怒]] 并抽 3 张牌。
招牌技,Signature Move,Signature Move,紫色,攻击,罕见,2,只有当这张牌是你手中唯一的一张攻击牌时才可以被打出。<br>造成30点伤害。,2,只有当这张牌是你手中唯一的一张攻击牌时才可以被打出。造成40点伤害。
串刺,Skewer,Skewer,绿色,攻击,罕见,-1,消费所有[G]。<br> 造成7点伤害X次。,-1,消费所有 [G] 。<br> 造成 10 点伤害X次。
快速检索,Skim,Skim,蓝色,技能,罕见,1,抽3张牌。,1,抽4张牌。
切割,Slice,Slice,绿色,攻击,普通,0,造成6点伤害。,0,造成9点伤害。
黏液,Slimed,Slimed,无色,状态,特殊,1,{{KW|消耗}}。,0,
惩恶,Smite,Smite,无色,攻击,特殊,1,{{KW|保留}}。<br>造成12点伤害。<br>{{KW|消耗}}。,1,[[保留]]。造成 16 点伤害。<br>{{KW|消耗}}。
精神护盾,Spirit Shield,Spirit Shield,紫色,技能,稀有,2,你每有一张手牌，获得3点{{KW|格挡}}。,2,你每有一张手牌，获得4点{{KW|格挡}}。
堆栈,Stack,Stack,蓝色,技能,普通,1,获得与你当前弃牌堆中牌数相等的{{KW|格挡}}值。,1,获得你当前弃牌堆中牌数+3的{{KW|格挡}}值。
观察弱点,Spot Weakness,Spot Weakness,红色,技能,罕见,1,如果一名敌人的意图是攻击，你获得3点{{KW|力量}}。,1,如果一名敌人的意图是攻击，你获得4点{{KW|力量}}。
静电释放,Static Discharge,Static Discharge,蓝色,能力,罕见,1,每当你受到攻击伤害时，1个闪电充能球。,1,每当你受到攻击伤害时，2个闪电充能球。
超频,Steam Power,Steam Power,蓝色,技能,罕见,0,抽2张牌。<br>将一张 灼伤 放入你的弃牌堆中。,0,抽 3 张牌。  将一张 灼伤 放入你的弃牌堆中。
蒸汽护壁,Steam,Steam,蓝色,技能,普通,0,获得6点{{KW|格挡}}。这张牌每被打出一次，它在本场战斗中的基础格挡下降1。,0,获得8点{{KW|格挡}}。这张牌每被打出一次，它在本场战斗中的基础格挡下降1。
钢铁风暴,Storm of Steel,Storm of Steel,绿色,技能,稀有,1,丢弃所有手牌。<br>每丢弃一张牌，在你的手牌中增加一张{{Card_link|小刀}}。,1,丢弃所有手牌。每丢弃一张牌，在你的手牌中增加一张已升级的小刀。
雷暴,Storm,Storm,蓝色,能力,罕见,1,你每打出一张能力牌，1个闪电充能球。,1,{{KW|固有}}。你每打出一张能力牌，生成1个闪电充能球。
精简改良,Streamline,Streamline,蓝色,攻击,普通,2,造成15点伤害。这张牌每被打出一次，它在本场战斗中的耗能减少1。,2,造成20点伤害。这张牌每被打出一次，它在本场战斗中的耗能减少1。
打击（紫）,Strike_P,Strike,紫色,攻击,初始,1,造成6点伤害。,1,造成 9 点伤害。
打击（蓝）,Strike_B,Strike,蓝色,攻击,初始,1,造成6点伤害。,1,造成9点伤害。
打击（绿）,Strike_G,Strike,绿色,攻击,初始,1,造成6点伤害。,1,造成9点伤害。
打击（红）,Strike_R,Strike,红色,攻击,初始,1,造成6点伤害。,1,造成9点伤害。
突然一拳,Sucker Punch,Sucker Punch,绿色,攻击,普通,1,造成7点伤害。<br>给予1层{{KW|虚弱}}。,1,造成9点伤害。<br> 给予2层{{KW|虚弱}}。
研习,Study,Study,紫色,能力,罕见,2,在你的回合结束时，在你的抽牌堆中加入一张{{Card_link|洞见}}。,1,在你的回合结束时，在你的抽牌堆中加入一张{{Card_link|洞见}}。
生存者,Survivor,Survivor,绿色,技能,普通,1,获得8点{{KW|格挡}}。<br>丢弃一张牌。,1,获得 11 点{{KW|格挡}}。<br> 丢弃一张牌。
分离,Sunder,Sunder,蓝色,攻击,罕见,3,造成24点伤害。<br> 如果这张牌杀死了敌人，则获得[B][B][B]。,3,造成 32 点伤害。 如果这张牌杀死了敌人，则获得 [B] [B] [B] 。
扫荡射线,Sweeping Beam,Sweeping Beam,蓝色,攻击,普通,1,对所有敌人造成6点伤害。 <br>抽1张牌。,1,对所有敌人造成 9 点伤害。 抽 1 张牌。
迅捷打击,Swift Strike,Swift Strike,无色,攻击,罕见,0,造成7点伤害。,0,造成 10 点伤害。
飞剑回旋镖,Sword Boomerang,Sword Boomerang,红色,攻击,普通,1,随机对敌人造成3点伤害3次。,1,随机对敌人造成3点伤害4次。
旋身,Swivel,Swivel,紫色,技能,罕见,2,获得8点{{KW|格挡}}。<br>你打出的下一张攻击牌耗能变为 0。,2,获得 11 点{{KW|格挡}}。你打出的下一张攻击牌耗能变为 0。
战术大师,Tactician,Tactician,绿色,技能,罕见,0,{{KW|不能被打出}}。<br>如果这张牌从你的手牌中被丢弃，获得[G]。,0,不能被打出。如果这张牌从你的手牌中被丢弃，获得[G][G]。
以手拒之,Talk to the Hand,Talk to the Hand,紫色,攻击,罕见,1,造成5点伤害。<br>每当目标敌人受到攻击时，你获得2点{{KW|格挡}}。,1,造成7点伤害。<br>每当目标敌人受到攻击时，你获得3点{{KW|格挡}}。
发泄,Tantrum,Tantrum,紫色,攻击,罕见,1,造成3点伤害3次。<br>进入 [[愤怒]]。<br>将这张牌放入你的抽牌堆。,1,造成 3 点伤害 4次。<br>进入 [[愤怒]]。<br>将这张牌放入你的抽牌堆。
暴风雨,Tempest,Tempest,蓝色,技能,罕见,-1,生成X个 闪电 充能球。<br>{{KW|消耗}}。,-1,生成  X+1 个 闪电 充能球。<br>{{KW|消耗}}。
恐怖,Terror,Terror,绿色,技能,罕见,1,给予99层{{KW|易伤}}。<br>{{KW|消耗}}。,0,给予99层{{KW|易伤}}。<br>{{KW|消耗}}。
炸弹,The Bomb,The Bomb,无色,技能,稀有,2,在3回合结束后，对所有敌人造成30点伤害。,2,在3回合结束后，对所有敌人造成36点伤害。
深谋远虑,Thinking Ahead,Thinking Ahead,无色,技能,稀有,0,抽2张牌，然后将手牌中的一张牌放到你抽牌堆的顶端。<br>{{KW|消耗}}。,0,抽2张牌，然后将1张手牌放到抽牌堆顶部。
天眼,Third Eye,Third Eye,紫色,技能,普通,1,获得7点{{KW|格挡}}。[[预见]] 3 。,1,获得 9 点{{KW|格挡}}。[[预见]] 5 。
雷霆打击,Thunder Strike,Thunder Strike,蓝色,攻击,稀有,3,你在本场战斗中每  过 一个 闪电 充能球，随机造成一次 7 点伤害。,3,你在本场战斗中每  过 一个 闪电 充能球，随机造成一次 9 点伤害。
以暴易暴,Through Violence,Through Violence,无色,攻击,特殊,1,{{KW|保留}}。<br>造成20点伤害。<br>{{KW|消耗}}。,1,[[保留]]。造成 30 点伤害。<br>{{KW|消耗}}。
闪电霹雳,Thunderclap,Thunderclap,红色,攻击,普通,1,对所有敌人造成4点伤害，给予1层{{KW|易伤}}。,1,对所有敌人造成7点伤害，给予1层{{KW|易伤}}。
必备工具,Tools of the Trade,Tools of the Trade,绿色,能力,稀有,1,在你的回合开始时，抽1张牌，丢弃1张牌。,1,在你的回合开始时，抽1张牌，丢弃1张牌。
安宁,ClearTheMind,ClearTheMind,紫色,技能,普通,1,{{KW|保留}}。<br>进入{{KW|平静}}。<br>{{KW|消耗}}。,0,[[保留]]。进入[[平静]]。<br>{{KW|消耗}}。
转化,Transmutation,Transmutation,无色,技能,稀有,-1,在你的手牌中加入X张随机无色牌。它们在本回合的耗能变为0。<br>{{KW|消耗}}。,-1,在你的手牌中放入X张升级后的随机无色牌。它们在本回合的耗能变为0。<br>{{KW|消耗}}。
绊倒,Trip,Trip,无色,技能,罕见,0,给予2层 易伤 。,0,给予所有敌人2层易伤。
坚毅,True Grit,True Grit,红色,技能,普通,1,获得7点{{KW|格挡}}。<br>{{KW|消耗}}一张随机手牌。,1,获得9点{{KW|格挡}}。<br>{{KW|消耗}}一张手牌。
双重打击,Twin Strike,Twin Strike,红色,攻击,普通,1,造成5点伤害两次。,1,造成7点伤害两次。
内核加速,Turbo,Turbo,蓝色,技能,普通,0,获得[B][B]。将一张{{Card_link|虚空}}放入你的弃牌堆中。,0,获得[B][B][B]。将一张{{Card_link|虚空}}放入你的弃牌堆中。
隐秘打击,Sneaky Strike,Sneaky Strike,绿色,攻击,普通,2,造成12点伤害。<br>如果你在这回合丢弃过牌，获得[G][G]。,2,造成16点伤害。<br>如果你在这回合丢弃过牌，获得[G][G]。
均衡,Undo,Undo,蓝色,技能,罕见,2,获得13点格挡。在本回合[[保留]]你的手牌。,2,获得16点{{KW|格挡}}。在本回合[[保留]]你的手牌。
乾坤一掷,Unload,Unload,绿色,攻击,稀有,1,造成14点伤害。<br>丢弃所有非攻击牌。,1,造成 18 点伤害。 丢弃所有非攻击牌。
上勾拳,Uppercut,Uppercut,红色,攻击,罕见,2,造成13点伤害。<br>给予1层{{KW|虚弱}}。<br>给予1层{{KW|易伤}}。,2,造成13点伤害。<br>给予2层{{KW|虚弱}}。<br>给予2层{{KW|易伤}}。
腾跃,Vault,Vault,紫色,技能,稀有,3,在本回合结束后，额外获得一回合。<br>结束你的回合。<br>{{KW|消耗}}。,2,在本回合结束后，额外获得一回合。<br>结束你的回合。<br>{{KW|消耗}}。
炼制药水,Venomology,Venomology,绿色,技能,稀有,1,获得一瓶随机药水。<br>{{KW|消耗}}。,0,获得一瓶随机药水。<br>{{KW|消耗}}。
警惕,Vigilance,Vigilance,紫色,技能,初始,2,获得8点{{KW|格挡}}。<br>进入[[平静]]。,2,获得12点{{KW|格挡}}。<br>进入[[平静]]。
暴力,Violence,Violence,无色,技能,稀有,0,随机将你抽牌堆中3张攻击牌加入你的手牌。<br>{{KW|消耗}}。,0,将抽牌堆中的4张随机攻击牌加入你的手牌。<br>{{KW|消耗}}。
虚空,Void,Void,无色,状态,特殊,-2,{{KW|不能被打出}}。<br>抽到这张牌时失去1点能量。<br>{{KW|虚无}}。,-2,
当头棒喝,Wallop,Wallop,紫色,攻击,罕见,2,造成9点伤害。<br>获得与所造成的未被格挡的伤害相等的{{KW|格挡}}。,2,造成12点伤害。<br>获得与所造成的未被格挡的伤害相等的{{KW|格挡}}。
战吼,Warcry,Warcry,红色,技能,普通,0,抽1张牌。<br>将手牌中的一张牌放到你的抽牌堆顶部。<br>{{KW|消耗}}。,0,抽2张牌。<br>将手牌中的一张牌放到你的抽牌堆顶部。<br>{{KW|消耗}}。
摆手,Wave of the Hand,Wave of the Hand,紫色,技能,罕见,1,在本回合，你每次获得{{KW|格挡}}时，给予所有敌人1层[[虚弱]]。,1,在本回合，你每次获得{{KW|格挡}}时，给予所有敌人2层[[虚弱]]。
迂回,Weave,Weave,紫色,攻击,罕见,0,造成4点伤害。<br>你每次{{KW|预见}}时，将这张牌从弃牌堆放回你的手牌。,0,造成6点伤害。<br>你每次{{KW|预见}}时，将这张牌从弃牌堆放回你的手牌。
计划妥当,Well Laid Plans,Well Laid Plans,绿色,能力,罕见,1,在你的回合结束时，保留最多1张牌。,1,在你的回合结束时，保留最多2张牌。
回旋踢,Wheel Kick,Wheel Kick,紫色,攻击,罕见,2,造成15点伤害。<br>抽2张牌。,2,造成20点伤害。<br>抽2张牌。
旋风斩,Whirlwind,Whirlwind,红色,攻击,罕见,-1,对所有敌人造成5点伤害X次。,-1,对所有敌人造成8点伤害X次。
白噪声,White Noise,White Noise,蓝色,技能,罕见,1,增加一张随机能力牌到你的手牌。<br>这张牌在本回合耗能变为0。<br>{{KW|消耗}}。,0,增加一张随机能力牌到你的手牌。这张牌在本回合耗能变为0。<br>{{KW|消耗}}。
狂野打击,Wild Strike,Wild Strike,红色,攻击,普通,1,造成12点伤害。<br>将一张{{Card_link|伤口}}放入你的抽牌堆中。,1,造成17点伤害。<br>将一张{{Card_link|伤口}} 放入你的抽牌堆中。
旋转打击,Windmill Strike,Windmill Strike,紫色,攻击,罕见,2,"{{KW|保留}}。<br>造成7点伤害。<br>每当这张牌被{{KW|保留}}时,将其在本场战斗的伤害增加4点。",2,
许愿,Wish,Wish,紫色,技能,稀有,3,选择：获得 6 层 多层护甲，3 点 [[力量]] 或 25 金币。<br>{{KW|消耗}}。,3,选择：获得 8 层 多层护甲，4 点 [[力量]] 或 30 金币。<br>{{KW|消耗}}。
敬拜,Worship,Worship,紫色,技能,罕见,2,获得5层[[真言]]。,2,[[保留]]。获得5层[[真言]]。
幽魂形态,Wraith Form v2,Wraith Form,绿色,能力,稀有,3,获得2层 无实体 。<br>在每回合结束时失去1点 敏捷 。,3,获得 3 层 无实体 。 在每回合结束时失去1点 敏捷 。
伤口,Wound,Wound,无色,状态,状态,-2,{{KW|不能被打出}}。,-2,
火焰纹,Wreath of Flame,Wreath of Flame,紫色,技能,罕见,1,你的下一张攻击牌造成5点额外伤害。,1,你的下一张攻击牌造成8点额外伤害。
苦恼,Writhe,Writhe,诅咒,诅咒,诅咒,-2,{{KW|不能被打出}}。<br>{{KW|固有}}。,-2,
电击,Zap,Zap,蓝色,技能,普通,1,{{KW|生成}}1个{{KW|闪电}}充能球。,0,{{KW|生成}}1个{{KW|闪电}}充能球。
